{
  "text": [0.9, 0.9, 0.9],
  "keyword": [0.152929, 0.843882, 0.0961384],
  "number": [0.611814, 0.175542, 0.595247],
  "comment": [0.00804715, 0.476793, 0.209786],
  "background": [0.1, 0.1, 0.1],
  "variable": [0.957806, 0.957806, 0.032331],
  "label": [0.8, 0.4, 0.8],
  "line_number": [0.308017, 0.308017, 0.308017],
  "show_whitespace": false
}
